{"stats":{"minecraft:dropped":{"minecraft:wooden_axe":1,"minecraft:spruce_door":1,"minecraft:white_wool":1,"minecraft:grass_block":1},"minecraft:killed":{"minecraft:chicken":9},"minecraft:custom":{"minecraft:time_since_rest":793487,"minecraft:sprint_one_cm":425896,"minecraft:walk_one_cm":278970,"minecraft:interact_with_anvil":1,"minecraft:mob_kills":9,"minecraft:drop":4,"minecraft:damage_dealt":150,"minecraft:tune_noteblock":11,"minecraft:fly_one_cm":6266261,"minecraft:crouch_one_cm":7708,"minecraft:play_time":793487,"minecraft:sneak_time":13611,"minecraft:jump":1405,"minecraft:leave_game":5,"minecraft:time_since_death":793487,"minecraft:walk_on_water_one_cm":108,"minecraft:total_world_time":798008,"minecraft:inspect_dispenser":7},"minecraft:used":{"minecraft:glass":11,"minecraft:redstone_torch":200,"minecraft:oak_log":50,"minecraft:oak_trapdoor":7,"minecraft:sticky_piston":53,"minecraft:piston":75,"minecraft:stone_brick_slab":35,"minecraft:trident":2,"minecraft:lever":62,"minecraft:water_bucket":1,"minecraft:black_wool":13,"minecraft:orange_concrete":1,"minecraft:light_gray_concrete":79,"minecraft:red_wool":64,"minecraft:red_concrete":203,"minecraft:powered_rail":8,"minecraft:grass_block":663,"minecraft:oak_stairs":2,"minecraft:dispenser":9,"minecraft:redstone":745,"minecraft:slime_block":48,"minecraft:oak_planks":289,"minecraft:stone_button":6,"minecraft:oak_sign":35,"minecraft:tnt_minecart":22,"minecraft:chicken_spawn_egg":9,"minecraft:detector_rail":1,"minecraft:donkey_spawn_egg":1,"minecraft:redstone_block":65,"minecraft:stone_bricks":18,"minecraft:sculk_sensor":40,"minecraft:bedrock":4,"minecraft:pink_concrete":1,"minecraft:white_wool":180,"minecraft:chiseled_stone_bricks":6,"minecraft:anvil":1,"minecraft:redstone_lamp":30,"minecraft:glowstone":4,"minecraft:repeater":14,"minecraft:dirt":23,"minecraft:cobblestone":1,"minecraft:lime_concrete":2,"minecraft:infested_chiseled_stone_bricks":4,"minecraft:end_crystal":26,"minecraft:light_blue_concrete":1,"minecraft:oak_slab":18,"minecraft:yellow_concrete":84,"minecraft:glass_pane":8,"minecraft:note_block":39,"minecraft:infested_stone_bricks":20,"minecraft:blue_concrete":213,"minecraft:obsidian":46,"minecraft:oak_fence":1},"minecraft:picked_up":{"minecraft:spruce_door":1,"minecraft:snowball":52,"minecraft:white_wool":1}},"DataVersion":3465}