{"stats":{"minecraft:custom":{"minecraft:interact_with_anvil":1,"minecraft:mob_kills":9,"minecraft:interact_with_crafting_table":4,"minecraft:tune_noteblock":374,"minecraft:open_barrel":5,"minecraft:leave_game":6,"minecraft:time_since_death":887081,"minecraft:climb_one_cm":257,"minecraft:time_since_rest":887081,"minecraft:sprint_one_cm":606836,"minecraft:walk_one_cm":456821,"minecraft:drop":4,"minecraft:damage_dealt":150,"minecraft:fly_one_cm":9755180,"minecraft:crouch_one_cm":11887,"minecraft:play_time":887081,"minecraft:sneak_time":16463,"minecraft:jump":1981,"minecraft:walk_on_water_one_cm":108,"minecraft:total_world_time":891654,"minecraft:inspect_dispenser":7},"minecraft:dropped":{"minecraft:spruce_door":1,"minecraft:grass_block":1,"minecraft:wooden_axe":1,"minecraft:white_wool":1},"minecraft:killed":{"minecraft:chicken":9},"minecraft:picked_up":{"minecraft:dirt":1,"minecraft:wooden_shovel":16,"minecraft:spruce_door":1,"minecraft:snowball":52,"minecraft:white_wool":1},"minecraft:used":{"minecraft:oak_trapdoor":9,"minecraft:oak_fence":1,"minecraft:trident":2,"minecraft:water_bucket":3,"minecraft:iron_bars":22,"minecraft:cobblestone_stairs":14,"minecraft:orange_concrete":1,"minecraft:red_concrete":203,"minecraft:armor_stand":13,"minecraft:powered_rail":8,"minecraft:dispenser":9,"minecraft:redstone":781,"minecraft:oak_planks":294,"minecraft:oak_sign":69,"minecraft:donkey_spawn_egg":1,"minecraft:stone":9,"minecraft:redstone_block":65,"minecraft:calibrated_sculk_sensor":5,"minecraft:player_head":1,"minecraft:sculk_sensor":40,"minecraft:debug_stick":6,"minecraft:white_wool":215,"minecraft:pink_concrete":1,"minecraft:dirt":48,"minecraft:anvil":1,"minecraft:comparator":11,"minecraft:infested_chiseled_stone_bricks":4,"minecraft:light_blue_concrete":1,"minecraft:oak_slab":18,"minecraft:crafting_table":5,"minecraft:cobblestone_wall":55,"minecraft:yellow_concrete":84,"minecraft:note_block":82,"minecraft:infested_stone_bricks":20,"minecraft:blue_concrete":213,"minecraft:obsidian":46,"minecraft:redstone_torch":200,"minecraft:oak_log":91,"minecraft:sticky_piston":53,"minecraft:glass":11,"minecraft:stone_brick_slab":52,"minecraft:piston":75,"minecraft:lever":65,"minecraft:black_wool":16,"minecraft:light_gray_concrete":79,"minecraft:red_wool":70,"minecraft:grass_block":714,"minecraft:oak_stairs":2,"minecraft:oak_button":3,"minecraft:slime_block":48,"minecraft:stone_button":6,"minecraft:tnt_minecart":22,"minecraft:detector_rail":1,"minecraft:chicken_spawn_egg":9,"minecraft:barrel":3,"minecraft:stone_bricks":65,"minecraft:yellow_wool":7,"minecraft:bedrock":12,"minecraft:chiseled_stone_bricks":9,"minecraft:glowstone":9,"minecraft:repeater":30,"minecraft:redstone_lamp":35,"minecraft:lime_concrete":2,"minecraft:cobblestone":31,"minecraft:end_crystal":26,"minecraft:scaffolding":64,"minecraft:glass_pane":9,"minecraft:smooth_stone_slab":63,"minecraft:gray_wool":40,"minecraft:oak_hanging_sign":2,"minecraft:cobweb":9},"minecraft:crafted":{"minecraft:leather_leggings":3,"minecraft:leather_boots":8,"minecraft:leather_chestplate":3}},"DataVersion":3465}