{
  "minecraft:recipes/decorations/crafting_table": {
    "criteria": {
      "unlock_right_away": "2023-06-12 23:08:47 +0200"
    },
    "done": true
  },
  "minecraft:adventure/adventuring_time": {
    "criteria": {
      "minecraft:plains": "2023-06-12 23:08:48 +0200"
    },
    "done": false
  },
  "minecraft:recipes/redstone/redstone_torch": {
    "criteria": {
      "has_redstone": "2023-06-12 23:09:01 +0200"
    },
    "done": true
  },
  "minecraft:recipes/tools/clock": {
    "criteria": {
      "has_redstone": "2023-06-12 23:09:01 +0200"
    },
    "done": true
  },
  "minecraft:recipes/redstone/dropper": {
    "criteria": {
      "has_redstone": "2023-06-12 23:09:01 +0200"
    },
    "done": true
  },
  "minecraft:recipes/redstone/redstone_block": {
    "criteria": {
      "has_redstone": "2023-06-12 23:09:01 +0200"
    },
    "done": true
  },
  "minecraft:recipes/redstone/note_block": {
    "criteria": {
      "has_redstone": "2023-06-12 23:09:01 +0200"
    },
    "done": true
  },
  "minecraft:recipes/redstone/target": {
    "criteria": {
      "has_redstone": "2023-06-12 23:09:01 +0200"
    },
    "done": true
  },
  "minecraft:recipes/tools/compass": {
    "criteria": {
      "has_redstone": "2023-06-12 23:09:01 +0200"
    },
    "done": true
  },
  "minecraft:recipes/redstone/piston": {
    "criteria": {
      "has_redstone": "2023-06-12 23:09:01 +0200"
    },
    "done": true
  },
  "minecraft:recipes/decorations/white_banner": {
    "criteria": {
      "has_white_wool": "2023-06-12 23:09:19 +0200"
    },
    "done": true
  },
  "minecraft:recipes/decorations/painting": {
    "criteria": {
      "has_wool": "2023-06-12 23:09:19 +0200"
    },
    "done": true
  },
  "minecraft:recipes/decorations/white_bed": {
    "criteria": {
      "has_white_wool": "2023-06-12 23:09:19 +0200"
    },
    "done": true
  },
  "minecraft:recipes/decorations/white_carpet": {
    "criteria": {
      "has_white_wool": "2023-06-12 23:09:19 +0200"
    },
    "done": true
  },
  "minecraft:adventure/avoid_vibration": {
    "criteria": {
      "avoid_vibration": "2023-06-12 23:11:38 +0200"
    },
    "done": true
  },
  "minecraft:recipes/tools/flint_and_steel": {
    "criteria": {
      "has_obsidian": "2023-06-12 23:14:54 +0200"
    },
    "done": true
  },
  "minecraft:story/form_obsidian": {
    "criteria": {
      "obsidian": "2023-06-12 23:14:54 +0200"
    },
    "done": true
  },
  "minecraft:recipes/decorations/enchanting_table": {
    "criteria": {
      "has_obsidian": "2023-06-12 23:14:54 +0200"
    },
    "done": true
  },
  "minecraft:adventure/root": {
    "criteria": {
      "killed_something": "2023-06-12 23:15:36 +0200"
    },
    "done": true
  },
  "minecraft:adventure/throw_trident": {
    "criteria": {
      "shot_trident": "2023-06-12 23:15:36 +0200"
    },
    "done": true
  },
  "minecraft:recipes/decorations/chest": {
    "criteria": {
      "has_lots_of_items": "2023-06-12 23:16:00 +0200"
    },
    "done": true
  },
  "minecraft:recipes/decorations/composter": {
    "criteria": {
      "has_wood_slab": "2023-06-12 23:16:28 +0200"
    },
    "done": true
  },
  "minecraft:recipes/decorations/barrel": {
    "criteria": {
      "has_wood_slab": "2023-06-12 23:16:28 +0200"
    },
    "done": true
  },
  "minecraft:recipes/misc/slime_ball": {
    "criteria": {
      "has_slime_block": "2023-06-12 23:25:32 +0200"
    },
    "done": true
  },
  "minecraft:recipes/redstone/redstone": {
    "criteria": {
      "has_redstone_block": "2023-06-12 23:28:29 +0200"
    },
    "done": true
  },
  "minecraft:recipes/decorations/snow": {
    "criteria": {
      "has_snowball": "2023-06-12 23:32:56 +0200"
    },
    "done": true
  },
  "minecraft:recipes/building_blocks/snow_block": {
    "criteria": {
      "has_snowball": "2023-06-12 23:32:56 +0200"
    },
    "done": true
  },
  "minecraft:recipes/redstone/lever": {
    "criteria": {
      "has_cobblestone": "2023-06-12 23:47:31 +0200"
    },
    "done": true
  },
  "minecraft:recipes/combat/stone_sword": {
    "criteria": {
      "has_cobblestone": "2023-06-12 23:47:31 +0200"
    },
    "done": true
  },
  "minecraft:recipes/decorations/cobblestone_wall": {
    "criteria": {
      "has_cobblestone": "2023-06-12 23:47:31 +0200"
    },
    "done": true
  },
  "minecraft:recipes/tools/stone_pickaxe": {
    "criteria": {
      "has_cobblestone": "2023-06-12 23:47:31 +0200"
    },
    "done": true
  },
  "minecraft:recipes/tools/stone_axe": {
    "criteria": {
      "has_cobblestone": "2023-06-12 23:47:31 +0200"
    },
    "done": true
  },
  "minecraft:story/mine_stone": {
    "criteria": {
      "get_stone": "2023-06-12 23:47:31 +0200"
    },
    "done": true
  },
  "minecraft:recipes/decorations/furnace": {
    "criteria": {
      "has_cobblestone": "2023-06-12 23:47:31 +0200"
    },
    "done": true
  },
  "minecraft:recipes/building_blocks/cobblestone_slab": {
    "criteria": {
      "has_cobblestone": "2023-06-12 23:47:31 +0200"
    },
    "done": true
  },
  "minecraft:recipes/building_blocks/cobblestone_slab_from_cobblestone_stonecutting": {
    "criteria": {
      "has_cobblestone": "2023-06-12 23:47:31 +0200"
    },
    "done": true
  },
  "minecraft:recipes/building_blocks/stone": {
    "criteria": {
      "has_cobblestone": "2023-06-12 23:47:31 +0200"
    },
    "done": true
  },
  "minecraft:recipes/decorations/cobblestone_wall_from_cobblestone_stonecutting": {
    "criteria": {
      "has_cobblestone": "2023-06-12 23:47:31 +0200"
    },
    "done": true
  },
  "minecraft:recipes/building_blocks/cobblestone_stairs_from_cobblestone_stonecutting": {
    "criteria": {
      "has_cobblestone": "2023-06-12 23:47:31 +0200"
    },
    "done": true
  },
  "minecraft:recipes/building_blocks/cobblestone_stairs": {
    "criteria": {
      "has_cobblestone": "2023-06-12 23:47:31 +0200"
    },
    "done": true
  },
  "minecraft:recipes/tools/stone_hoe": {
    "criteria": {
      "has_cobblestone": "2023-06-12 23:47:31 +0200"
    },
    "done": true
  },
  "minecraft:recipes/tools/stone_shovel": {
    "criteria": {
      "has_cobblestone": "2023-06-12 23:47:31 +0200"
    },
    "done": true
  },
  "minecraft:recipes/decorations/orange_glazed_terracotta": {
    "criteria": {
      "has_orange_terracotta": "2023-06-12 23:49:34 +0200"
    },
    "done": true
  },
  "minecraft:recipes/building_blocks/oak_slab": {
    "criteria": {
      "has_planks": "2023-06-12 23:51:38 +0200"
    },
    "done": true
  },
  "minecraft:recipes/decorations/oak_sign": {
    "criteria": {
      "has_planks": "2023-06-12 23:51:38 +0200"
    },
    "done": true
  },
  "minecraft:recipes/redstone/oak_trapdoor": {
    "criteria": {
      "has_planks": "2023-06-12 23:51:38 +0200"
    },
    "done": true
  },
  "minecraft:recipes/redstone/oak_fence_gate": {
    "criteria": {
      "has_planks": "2023-06-12 23:51:38 +0200"
    },
    "done": true
  },
  "minecraft:recipes/redstone/oak_pressure_plate": {
    "criteria": {
      "has_planks": "2023-06-12 23:51:38 +0200"
    },
    "done": true
  },
  "minecraft:recipes/redstone/oak_door": {
    "criteria": {
      "has_planks": "2023-06-12 23:51:38 +0200"
    },
    "done": true
  },
  "minecraft:recipes/misc/stick": {
    "criteria": {
      "has_planks": "2023-06-12 23:51:38 +0200"
    },
    "done": true
  },
  "minecraft:recipes/building_blocks/oak_stairs": {
    "criteria": {
      "has_planks": "2023-06-12 23:51:38 +0200"
    },
    "done": true
  },
  "minecraft:recipes/decorations/oak_fence": {
    "criteria": {
      "has_planks": "2023-06-12 23:51:38 +0200"
    },
    "done": true
  },
  "minecraft:recipes/redstone/oak_button": {
    "criteria": {
      "has_planks": "2023-06-12 23:51:38 +0200"
    },
    "done": true
  },
  "minecraft:recipes/redstone/repeater": {
    "criteria": {
      "has_redstone_torch": "2023-06-12 23:53:15 +0200"
    },
    "done": true
  },
  "minecraft:recipes/redstone/redstone_lamp": {
    "criteria": {
      "has_glowstone": "2023-06-12 23:59:09 +0200"
    },
    "done": true
  },
  "minecraft:recipes/decorations/stone_brick_wall": {
    "criteria": {
      "has_stone_bricks": "2023-06-13 00:56:14 +0200"
    },
    "done": true
  },
  "minecraft:recipes/building_blocks/stone_brick_slab_from_stone_bricks_stonecutting": {
    "criteria": {
      "has_stone_bricks": "2023-06-13 00:56:14 +0200"
    },
    "done": true
  },
  "minecraft:recipes/building_blocks/cracked_stone_bricks": {
    "criteria": {
      "has_stone_bricks": "2023-06-13 00:56:14 +0200"
    },
    "done": true
  },
  "minecraft:recipes/building_blocks/stone_brick_stairs_from_stone_bricks_stonecutting": {
    "criteria": {
      "has_stone_bricks": "2023-06-13 00:56:14 +0200"
    },
    "done": true
  },
  "minecraft:recipes/building_blocks/stone_brick_slab": {
    "criteria": {
      "has_stone_bricks": "2023-06-13 00:56:14 +0200"
    },
    "done": true
  },
  "minecraft:recipes/building_blocks/stone_brick_stairs": {
    "criteria": {
      "has_stone_bricks": "2023-06-13 00:56:14 +0200"
    },
    "done": true
  },
  "minecraft:recipes/building_blocks/chiseled_stone_bricks_from_stone_bricks_stonecutting": {
    "criteria": {
      "has_stone_bricks": "2023-06-13 00:56:14 +0200"
    },
    "done": true
  },
  "minecraft:recipes/building_blocks/chiseled_stone_bricks": {
    "criteria": {
      "has_tag": "2023-06-13 00:56:14 +0200"
    },
    "done": true
  },
  "minecraft:recipes/decorations/stone_brick_wall_from_stone_bricks_stonecutting": {
    "criteria": {
      "has_stone_bricks": "2023-06-13 00:56:14 +0200"
    },
    "done": true
  },
  "minecraft:recipes/decorations/black_bed": {
    "criteria": {
      "has_black_wool": "2023-06-14 03:32:09 +0200"
    },
    "done": true
  },
  "minecraft:recipes/decorations/black_carpet": {
    "criteria": {
      "has_black_wool": "2023-06-14 03:32:09 +0200"
    },
    "done": true
  },
  "minecraft:recipes/decorations/black_banner": {
    "criteria": {
      "has_black_wool": "2023-06-14 03:32:09 +0200"
    },
    "done": true
  },
  "minecraft:recipes/decorations/red_carpet": {
    "criteria": {
      "has_red_wool": "2023-06-14 03:32:10 +0200"
    },
    "done": true
  },
  "minecraft:recipes/decorations/red_banner": {
    "criteria": {
      "has_red_wool": "2023-06-14 03:32:10 +0200"
    },
    "done": true
  },
  "minecraft:recipes/decorations/red_bed": {
    "criteria": {
      "has_red_wool": "2023-06-14 03:32:10 +0200"
    },
    "done": true
  },
  "minecraft:recipes/brewing/cauldron": {
    "criteria": {
      "has_water_bucket": "2023-06-14 04:32:27 +0200"
    },
    "done": true
  },
  "minecraft:recipes/misc/charcoal": {
    "criteria": {
      "has_log": "2023-06-14 04:33:04 +0200"
    },
    "done": true
  },
  "minecraft:recipes/building_blocks/oak_planks": {
    "criteria": {
      "has_logs": "2023-06-14 04:33:04 +0200"
    },
    "done": true
  },
  "minecraft:recipes/building_blocks/oak_wood": {
    "criteria": {
      "has_log": "2023-06-14 04:33:04 +0200"
    },
    "done": true
  },
  "minecraft:recipes/decorations/gray_bed": {
    "criteria": {
      "has_gray_wool": "2023-06-14 04:36:44 +0200"
    },
    "done": true
  },
  "minecraft:recipes/decorations/gray_banner": {
    "criteria": {
      "has_gray_wool": "2023-06-14 04:36:44 +0200"
    },
    "done": true
  },
  "minecraft:recipes/decorations/gray_carpet": {
    "criteria": {
      "has_gray_wool": "2023-06-14 04:36:44 +0200"
    },
    "done": true
  },
  "minecraft:recipes/decorations/lime_stained_glass_pane_from_glass_pane": {
    "criteria": {
      "has_glass_pane": "2023-06-14 04:39:25 +0200"
    },
    "done": true
  },
  "minecraft:recipes/decorations/purple_stained_glass_pane_from_glass_pane": {
    "criteria": {
      "has_glass_pane": "2023-06-14 04:39:25 +0200"
    },
    "done": true
  },
  "minecraft:recipes/decorations/blue_stained_glass_pane_from_glass_pane": {
    "criteria": {
      "has_glass_pane": "2023-06-14 04:39:25 +0200"
    },
    "done": true
  },
  "minecraft:recipes/decorations/black_stained_glass_pane_from_glass_pane": {
    "criteria": {
      "has_glass_pane": "2023-06-14 04:39:25 +0200"
    },
    "done": true
  },
  "minecraft:recipes/decorations/light_gray_stained_glass_pane_from_glass_pane": {
    "criteria": {
      "has_glass_pane": "2023-06-14 04:39:25 +0200"
    },
    "done": true
  },
  "minecraft:recipes/decorations/yellow_stained_glass_pane_from_glass_pane": {
    "criteria": {
      "has_glass_pane": "2023-06-14 04:39:25 +0200"
    },
    "done": true
  },
  "minecraft:recipes/decorations/brown_stained_glass_pane_from_glass_pane": {
    "criteria": {
      "has_glass_pane": "2023-06-14 04:39:25 +0200"
    },
    "done": true
  },
  "minecraft:recipes/decorations/red_stained_glass_pane_from_glass_pane": {
    "criteria": {
      "has_glass_pane": "2023-06-14 04:39:25 +0200"
    },
    "done": true
  },
  "minecraft:recipes/decorations/magenta_stained_glass_pane_from_glass_pane": {
    "criteria": {
      "has_glass_pane": "2023-06-14 04:39:25 +0200"
    },
    "done": true
  },
  "minecraft:recipes/decorations/cyan_stained_glass_pane_from_glass_pane": {
    "criteria": {
      "has_glass_pane": "2023-06-14 04:39:25 +0200"
    },
    "done": true
  },
  "minecraft:recipes/decorations/orange_stained_glass_pane_from_glass_pane": {
    "criteria": {
      "has_glass_pane": "2023-06-14 04:39:25 +0200"
    },
    "done": true
  },
  "minecraft:recipes/decorations/light_blue_stained_glass_pane_from_glass_pane": {
    "criteria": {
      "has_glass_pane": "2023-06-14 04:39:25 +0200"
    },
    "done": true
  },
  "minecraft:recipes/decorations/green_stained_glass_pane_from_glass_pane": {
    "criteria": {
      "has_glass_pane": "2023-06-14 04:39:25 +0200"
    },
    "done": true
  },
  "minecraft:recipes/decorations/pink_stained_glass_pane_from_glass_pane": {
    "criteria": {
      "has_glass_pane": "2023-06-14 04:39:25 +0200"
    },
    "done": true
  },
  "minecraft:recipes/decorations/white_stained_glass_pane_from_glass_pane": {
    "criteria": {
      "has_glass_pane": "2023-06-14 04:39:25 +0200"
    },
    "done": true
  },
  "minecraft:recipes/decorations/gray_stained_glass_pane_from_glass_pane": {
    "criteria": {
      "has_glass_pane": "2023-06-14 04:39:25 +0200"
    },
    "done": true
  },
  "minecraft:recipes/transportation/mangrove_boat": {
    "criteria": {
      "in_water": "2023-06-14 04:42:08 +0200"
    },
    "done": true
  },
  "minecraft:recipes/transportation/acacia_boat": {
    "criteria": {
      "in_water": "2023-06-14 04:42:08 +0200"
    },
    "done": true
  },
  "minecraft:recipes/transportation/spruce_boat": {
    "criteria": {
      "in_water": "2023-06-14 04:42:08 +0200"
    },
    "done": true
  },
  "minecraft:recipes/transportation/birch_boat": {
    "criteria": {
      "in_water": "2023-06-14 04:42:08 +0200"
    },
    "done": true
  },
  "minecraft:recipes/transportation/oak_boat": {
    "criteria": {
      "in_water": "2023-06-14 04:42:08 +0200"
    },
    "done": true
  },
  "minecraft:recipes/transportation/jungle_boat": {
    "criteria": {
      "in_water": "2023-06-14 04:42:08 +0200"
    },
    "done": true
  },
  "minecraft:recipes/transportation/dark_oak_boat": {
    "criteria": {
      "in_water": "2023-06-14 04:42:08 +0200"
    },
    "done": true
  },
  "minecraft:recipes/building_blocks/red_stained_glass": {
    "criteria": {
      "has_glass": "2023-10-01 02:50:12 +0200"
    },
    "done": true
  },
  "minecraft:recipes/building_blocks/light_blue_stained_glass": {
    "criteria": {
      "has_glass": "2023-10-01 02:50:12 +0200"
    },
    "done": true
  },
  "minecraft:recipes/decorations/purple_bed": {
    "criteria": {
      "has_purple_wool": "2023-10-01 02:42:13 +0200"
    },
    "done": true
  },
  "minecraft:recipes/brewing/glass_bottle": {
    "criteria": {
      "has_glass": "2023-10-01 02:50:12 +0200"
    },
    "done": true
  },
  "minecraft:recipes/building_blocks/green_stained_glass": {
    "criteria": {
      "has_glass": "2023-10-01 02:50:12 +0200"
    },
    "done": true
  },
  "minecraft:recipes/building_blocks/brown_stained_glass": {
    "criteria": {
      "has_glass": "2023-10-01 02:50:12 +0200"
    },
    "done": true
  },
  "minecraft:recipes/building_blocks/light_gray_stained_glass": {
    "criteria": {
      "has_glass": "2023-10-01 02:50:12 +0200"
    },
    "done": true
  },
  "minecraft:recipes/building_blocks/blue_stained_glass": {
    "criteria": {
      "has_glass": "2023-10-01 02:50:12 +0200"
    },
    "done": true
  },
  "minecraft:recipes/building_blocks/orange_stained_glass": {
    "criteria": {
      "has_glass": "2023-10-01 02:50:12 +0200"
    },
    "done": true
  },
  "minecraft:recipes/building_blocks/cyan_stained_glass": {
    "criteria": {
      "has_glass": "2023-10-01 02:50:12 +0200"
    },
    "done": true
  },
  "minecraft:recipes/building_blocks/pink_stained_glass": {
    "criteria": {
      "has_glass": "2023-10-01 02:50:12 +0200"
    },
    "done": true
  },
  "minecraft:recipes/building_blocks/black_stained_glass": {
    "criteria": {
      "has_glass": "2023-10-01 02:50:12 +0200"
    },
    "done": true
  },
  "minecraft:recipes/building_blocks/gray_stained_glass": {
    "criteria": {
      "has_glass": "2023-10-01 02:50:12 +0200"
    },
    "done": true
  },
  "minecraft:recipes/building_blocks/purple_stained_glass": {
    "criteria": {
      "has_glass": "2023-10-01 02:50:12 +0200"
    },
    "done": true
  },
  "minecraft:recipes/building_blocks/yellow_stained_glass": {
    "criteria": {
      "has_glass": "2023-10-01 02:50:12 +0200"
    },
    "done": true
  },
  "minecraft:recipes/building_blocks/lime_stained_glass": {
    "criteria": {
      "has_glass": "2023-10-01 02:50:12 +0200"
    },
    "done": true
  },
  "minecraft:recipes/decorations/purple_carpet": {
    "criteria": {
      "has_purple_wool": "2023-10-01 02:42:13 +0200"
    },
    "done": true
  },
  "minecraft:recipes/decorations/glass_pane": {
    "criteria": {
      "has_glass": "2023-10-01 02:50:12 +0200"
    },
    "done": true
  },
  "minecraft:recipes/decorations/purple_banner": {
    "criteria": {
      "has_purple_wool": "2023-10-01 02:42:13 +0200"
    },
    "done": true
  },
  "minecraft:recipes/building_blocks/magenta_stained_glass": {
    "criteria": {
      "has_glass": "2023-10-01 02:50:12 +0200"
    },
    "done": true
  },
  "minecraft:recipes/building_blocks/white_stained_glass": {
    "criteria": {
      "has_glass": "2023-10-01 02:50:12 +0200"
    },
    "done": true
  },
  "DataVersion": 3465
}