{"stats":{"minecraft:killed":{"minecraft:chicken":9},"minecraft:picked_up":{"minecraft:spruce_door":1,"minecraft:snowball":52,"minecraft:white_wool":1},"minecraft:custom":{"minecraft:time_since_rest":746438,"minecraft:sprint_one_cm":351449,"minecraft:walk_one_cm":228567,"minecraft:mob_kills":9,"minecraft:drop":4,"minecraft:damage_dealt":150,"minecraft:tune_noteblock":11,"minecraft:fly_one_cm":4308506,"minecraft:crouch_one_cm":5959,"minecraft:play_time":746438,"minecraft:sneak_time":11531,"minecraft:jump":1272,"minecraft:leave_game":4,"minecraft:walk_on_water_one_cm":108,"minecraft:time_since_death":746438,"minecraft:total_world_time":750924,"minecraft:inspect_dispenser":7},"minecraft:dropped":{"minecraft:wooden_axe":1,"minecraft:spruce_door":1,"minecraft:white_wool":1,"minecraft:grass_block":1},"minecraft:used":{"minecraft:redstone_torch":198,"minecraft:oak_log":45,"minecraft:oak_trapdoor":7,"minecraft:sticky_piston":53,"minecraft:stone_brick_slab":35,"minecraft:water_bucket":1,"minecraft:piston":75,"minecraft:lever":44,"minecraft:trident":2,"minecraft:black_wool":13,"minecraft:orange_concrete":1,"minecraft:light_gray_concrete":74,"minecraft:red_wool":62,"minecraft:red_concrete":200,"minecraft:powered_rail":8,"minecraft:grass_block":648,"minecraft:oak_stairs":2,"minecraft:dispenser":9,"minecraft:redstone":694,"minecraft:slime_block":48,"minecraft:oak_planks":159,"minecraft:stone_button":4,"minecraft:oak_sign":10,"minecraft:tnt_minecart":22,"minecraft:chicken_spawn_egg":9,"minecraft:detector_rail":1,"minecraft:redstone_block":65,"minecraft:stone_bricks":18,"minecraft:sculk_sensor":40,"minecraft:bedrock":4,"minecraft:pink_concrete":1,"minecraft:white_wool":167,"minecraft:chiseled_stone_bricks":6,"minecraft:glowstone":4,"minecraft:repeater":2,"minecraft:dirt":23,"minecraft:cobblestone":1,"minecraft:lime_concrete":2,"minecraft:infested_chiseled_stone_bricks":4,"minecraft:end_crystal":26,"minecraft:light_blue_concrete":1,"minecraft:oak_slab":18,"minecraft:yellow_concrete":84,"minecraft:glass_pane":8,"minecraft:note_block":39,"minecraft:infested_stone_bricks":20,"minecraft:blue_concrete":213,"minecraft:obsidian":36}},"DataVersion":3337}